seed,onset_year,final_neoplastic_pct,year_25pct,year_50pct,year_90pct
200000,51,56.41,63,67,-1
200001,33,50.91,43,48,-1
200002,52,50.00,60,69,-1
200003,-1,0.00,-1,-1,-1
200004,-1,0.00,-1,-1,-1
200005,52,50.00,62,69,-1
200006,-1,0.00,-1,-1,-1
200007,37,55.71,47,52,-1
200008,43,50.00,56,61,-1
200009,44,50.00,54,59,-1
200010,48,50.00,55,62,-1
200011,-1,0.00,-1,-1,-1
200012,-1,0.00,-1,-1,-1
200013,40,54.22,50,56,-1
200014,40,55.17,48,54,-1
200015,-1,0.00,-1,-1,-1
200016,39,51.85,49,54,-1
200017,37,53.19,50,56,-1
200018,37,51.67,47,53,-1
200019,51,50.00,63,67,-1
200020,48,51.72,57,64,-1
200021,-1,0.00,-1,-1,-1
200022,44,53.85,54,60,-1
200023,-1,0.00,-1,-1,-1
200024,-1,0.00,-1,-1,-1
200025,-1,0.00,-1,-1,-1
200026,-1,0.00,-1,-1,-1
200027,46,54.55,55,62,-1
200028,35,53.95,46,53,-1
200029,37,53.03,48,52,-1
200030,42,56.00,49,57,-1
200031,32,50.78,41,47,-1
200032,41,50.82,50,57,-1
200033,-1,0.00,-1,-1,-1
200034,37,51.39,47,52,-1
200035,51,50.00,58,64,-1
200036,46,55.26,58,64,-1
200037,-1,0.00,-1,-1,-1
200038,-1,0.00,-1,-1,-1
200039,44,50.88,56,61,-1
200040,33,52.05,42,48,-1
200041,29,50.00,41,48,-1
200042,59,50.00,68,74,-1
200043,-1,0.00,-1,-1,-1
200044,37,50.00,51,56,-1
200045,35,55.26,43,51,-1
200046,45,52.63,55,62,-1
200047,-1,0.00,-1,-1,-1
200048,43,55.00,52,59,-1
200049,35,50.00,41,48,-1
200050,67,28.57,80,-1,-1
200051,-1,0.00,-1,-1,-1
200052,-1,0.00,-1,-1,-1
200053,44,52.50,56,62,-1
200054,45,50.00,56,61,-1
200055,-1,0.00,-1,-1,-1
200056,-1,0.00,-1,-1,-1
200057,59,50.00,69,76,-1
200058,58,54.55,66,72,-1
200059,27,50.50,38,45,-1
200060,52,51.52,63,70,-1
200061,49,55.32,58,65,-1
200062,-1,0.00,-1,-1,-1
200063,35,55.00,43,49,-1
200064,57,52.17,64,69,-1
200065,28,54.26,41,48,-1
200066,-1,0.00,-1,-1,-1
200067,65,7.14,-1,-1,-1
200068,-1,0.00,-1,-1,-1
200069,45,50.00,55,62,-1
200070,60,65.00,64,72,-1
200071,-1,0.00,-1,-1,-1
200072,-1,0.00,-1,-1,-1
200073,40,50.75,50,57,-1
200074,-1,0.00,-1,-1,-1
200075,39,53.16,47,52,-1
200076,-1,0.00,-1,-1,-1
200077,47,52.83,55,61,-1
200078,38,53.12,49,54,-1
200079,45,51.11,55,60,-1
200080,46,52.17,57,63,-1
200081,39,55.88,47,53,-1
200082,-1,0.00,-1,-1,-1
200083,51,53.12,60,67,-1
200084,37,53.49,47,51,-1
200085,34,53.25,46,51,-1
200086,45,52.08,53,59,-1
200087,-1,0.00,-1,-1,-1
200088,-1,0.00,-1,-1,-1
200089,33,52.17,41,46,-1
200090,75,8.33,-1,-1,-1
200091,58,52.63,70,75,-1
200092,33,53.12,43,48,-1
200093,48,50.00,57,64,-1
200094,34,50.00,47,53,-1
200095,42,50.00,51,58,-1
200096,49,52.50,58,65,-1
200097,66,50.00,74,78,-1
200098,-1,0.00,-1,-1,-1
200099,-1,0.00,-1,-1,-1
200100,-1,0.00,-1,-1,-1
200101,39,51.76,47,54,-1
200102,64,33.33,77,-1,-1
200103,67,33.33,78,-1,-1
200104,34,52.63,47,54,-1
200105,69,33.33,80,-1,-1
200106,39,50.72,50,58,-1
200107,49,50.00,60,68,-1
200108,74,37.50,78,-1,-1
200109,35,50.59,43,50,-1
200110,-1,0.00,-1,-1,-1
200111,-1,0.00,-1,-1,-1
200112,36,53.85,50,55,-1
200113,39,50.94,48,53,-1
200114,33,54.17,45,51,-1
200115,-1,0.00,-1,-1,-1
200116,-1,0.00,-1,-1,-1
200117,48,51.85,60,68,-1
200118,-1,0.00,-1,-1,-1
200119,33,53.47,42,48,-1
200120,-1,0.00,-1,-1,-1
200121,-1,0.00,-1,-1,-1
200122,-1,0.00,-1,-1,-1
200123,45,52.83,55,61,-1
200124,77,14.29,-1,-1,-1
200125,-1,0.00,-1,-1,-1
200126,-1,0.00,-1,-1,-1
200127,38,50.68,44,49,-1
200128,-1,0.00,-1,-1,-1
200129,43,52.17,57,64,-1
200130,56,50.00,64,69,-1
200131,-1,0.00,-1,-1,-1
200132,44,54.35,50,54,-1
200133,42,50.00,51,56,-1
200134,44,51.85,54,61,-1
200135,45,53.97,54,60,-1
200136,33,52.17,42,48,-1
200137,-1,0.00,-1,-1,-1
200138,33,54.55,45,52,-1
200139,47,52.94,60,66,-1
200140,-1,0.00,-1,-1,-1
200141,37,53.70,51,56,-1
200142,49,51.22,59,65,-1
200143,-1,0.00,-1,-1,-1
200144,26,50.75,34,38,-1
200145,47,52.17,55,64,-1
200146,73,27.78,80,-1,-1
200147,-1,0.00,-1,-1,-1
200148,40,52.17,50,56,-1
200149,41,53.42,51,56,-1
200150,29,51.85,41,46,-1
200151,-1,0.00,-1,-1,-1
200152,40,56.14,49,53,-1
200153,-1,0.00,-1,-1,-1
200154,-1,0.00,-1,-1,-1
200155,-1,0.00,-1,-1,-1
200156,-1,0.00,-1,-1,-1
200157,35,50.00,45,51,-1
200158,41,51.47,52,58,-1
200159,34,53.85,43,49,-1
200160,-1,0.00,-1,-1,-1
200161,39,50.00,48,55,-1
200162,32,52.78,45,53,-1
200163,-1,0.00,-1,-1,-1
200164,35,52.94,44,49,-1
200165,35,57.14,43,49,-1
200166,-1,0.00,-1,-1,-1
200167,47,51.16,57,62,-1
200168,-1,0.00,-1,-1,-1
200169,37,50.91,49,55,-1
200170,40,54.44,47,52,-1
200171,44,53.85,50,58,-1
200172,42,51.61,52,57,-1
200173,-1,0.00,-1,-1,-1
200174,48,50.00,59,68,-1
200175,-1,0.00,-1,-1,-1
200176,45,54.72,52,57,-1
200177,-1,0.00,-1,-1,-1
200178,56,56.52,67,73,-1
200179,-1,0.00,-1,-1,-1
200180,42,50.00,52,57,-1
200181,35,50.68,45,52,-1
200182,45,50.98,53,59,-1
200183,37,55.32,48,55,-1
200184,48,58.62,55,60,-1
200185,44,52.94,54,61,-1
200186,41,50.00,53,60,-1
200187,-1,0.00,-1,-1,-1
200188,33,50.96,41,47,-1
200189,-1,0.00,-1,-1,-1
200190,40,52.73,49,58,-1
200191,24,50.79,32,39,-1
200192,46,52.94,56,62,-1
200193,58,52.17,63,71,-1
200194,-1,0.00,-1,-1,-1
200195,38,54.10,52,57,-1
200196,-1,0.00,-1,-1,-1
200197,-1,0.00,-1,-1,-1
200198,49,52.63,62,67,-1
200199,43,58.33,55,61,-1
200200,29,51.89,41,46,-1
200201,44,51.35,57,64,-1
200202,-1,0.00,-1,-1,-1
200203,72,37.50,75,-1,-1
200204,32,51.16,43,47,-1
200205,42,50.00,55,60,-1
200206,48,51.16,57,61,-1
200207,36,52.81,44,50,-1
200208,45,57.38,51,59,-1
200209,56,56.25,69,71,-1
200210,-1,0.00,-1,-1,-1
200211,-1,0.00,-1,-1,-1
200212,39,53.95,49,56,-1
200213,-1,0.00,-1,-1,-1
200214,48,54.17,58,62,-1
200215,38,53.57,46,54,-1
200216,-1,0.00,-1,-1,-1
200217,39,51.67,51,56,-1
200218,33,50.00,44,50,-1
200219,26,54.55,38,44,-1
200220,41,51.02,50,55,-1
200221,34,51.39,42,50,-1
200222,54,50.00,63,69,-1
200223,-1,0.00,-1,-1,-1
200224,59,50.00,67,71,-1
200225,43,53.70,52,58,-1
200226,29,50.44,38,46,-1
200227,-1,0.00,-1,-1,-1
200228,50,53.12,58,63,-1
200229,-1,0.00,-1,-1,-1
200230,38,50.00,51,56,-1
200231,-1,0.00,-1,-1,-1
200232,54,50.00,62,67,-1
200233,64,50.00,71,75,-1
200234,36,50.00,44,50,-1
200235,43,50.00,54,60,-1
200236,-1,0.00,-1,-1,-1
200237,30,52.83,39,44,-1
200238,42,53.97,52,58,-1
200239,-1,0.00,-1,-1,-1
200240,41,53.23,49,55,-1
200241,44,53.03,50,56,-1
200242,58,50.00,72,77,-1
200243,46,52.83,57,64,-1
200244,64,50.00,76,80,-1
200245,-1,0.00,-1,-1,-1
200246,42,50.00,51,56,-1
200247,45,54.76,59,63,-1
200248,37,50.00,45,51,-1
200249,47,52.27,55,61,-1
200250,-1,0.00,-1,-1,-1
200251,-1,0.00,-1,-1,-1
200252,46,53.97,54,60,-1
200253,-1,0.00,-1,-1,-1
200254,37,52.86,46,52,-1
200255,-1,0.00,-1,-1,-1
200256,41,52.94,51,56,-1
200257,-1,0.00,-1,-1,-1
200258,36,52.29,43,49,-1
200259,31,52.13,38,43,-1
200260,-1,0.00,-1,-1,-1
200261,-1,0.00,-1,-1,-1
200262,35,53.98,44,50,-1
200263,-1,0.00,-1,-1,-1
200264,46,50.00,56,61,-1
200265,60,52.00,65,72,-1
200266,-1,0.00,-1,-1,-1
200267,40,50.98,51,57,-1
200268,-1,0.00,-1,-1,-1
200269,60,52.94,70,78,-1
200270,-1,0.00,-1,-1,-1
200271,37,50.79,46,55,-1
200272,40,50.59,51,59,-1
200273,27,53.57,35,42,-1
200274,-1,0.00,-1,-1,-1
200275,64,35.71,77,-1,-1
200276,-1,0.00,-1,-1,-1
200277,32,50.00,47,53,-1
200278,39,52.94,50,54,-1
200279,-1,0.00,-1,-1,-1
200280,33,52.17,41,48,-1
200281,36,50.00,47,52,-1
200282,-1,0.00,-1,-1,-1
200283,52,53.33,61,65,-1
200284,27,52.24,38,44,-1
200285,37,50.00,45,50,-1
200286,45,51.11,51,56,-1
200287,40,50.85,46,55,-1
200288,-1,0.00,-1,-1,-1
200289,-1,0.00,-1,-1,-1
200290,51,50.00,63,73,-1
200291,46,52.38,60,64,-1
200292,-1,0.00,-1,-1,-1
200293,38,52.44,46,52,-1
200294,40,55.56,48,54,-1
200295,35,52.63,48,56,-1
200296,44,51.11,55,59,-1
200297,-1,0.00,-1,-1,-1
200298,43,50.00,54,61,-1
200299,35,55.00,46,52,-1
200300,36,50.00,47,53,-1
200301,-1,0.00,-1,-1,-1
200302,34,50.00,43,50,-1
200303,-1,0.00,-1,-1,-1
200304,40,53.23,50,56,-1
200305,50,52.38,60,66,-1
200306,68,52.63,73,79,-1
200307,33,52.81,41,49,-1
200308,-1,0.00,-1,-1,-1
200309,28,52.59,39,44,-1
200310,38,52.17,47,55,-1
200311,-1,0.00,-1,-1,-1
200312,71,50.00,75,80,-1
200313,71,38.46,76,-1,-1
200314,36,51.32,47,51,-1
200315,-1,0.00,-1,-1,-1
200316,33,50.62,44,51,-1
200317,-1,0.00,-1,-1,-1
200318,33,52.50,41,48,-1
200319,-1,0.00,-1,-1,-1
200320,47,50.00,59,66,-1
200321,29,52.73,40,46,-1
200322,33,50.00,47,53,-1
200323,45,50.00,56,62,-1
200324,34,51.65,42,47,-1
200325,53,50.00,59,65,-1
200326,-1,0.00,-1,-1,-1
200327,43,50.00,53,58,-1
200328,33,51.28,43,49,-1
200329,54,50.00,70,74,-1
200330,-1,0.00,-1,-1,-1
200331,-1,0.00,-1,-1,-1
200332,48,51.16,56,61,-1
200333,57,52.00,63,68,-1
200334,-1,0.00,-1,-1,-1
200335,70,20.00,-1,-1,-1
200336,46,52.94,55,60,-1
200337,35,53.16,45,51,-1
200338,-1,0.00,-1,-1,-1
200339,-1,0.00,-1,-1,-1
200340,40,55.56,49,56,-1
200341,51,52.94,63,70,-1
200342,-1,0.00,-1,-1,-1
200343,61,52.94,71,79,-1
200344,-1,0.00,-1,-1,-1
200345,37,51.39,49,56,-1
200346,35,51.85,44,50,-1
200347,-1,0.00,-1,-1,-1
200348,36,51.16,52,61,-1
200349,-1,0.00,-1,-1,-1
200350,27,52.10,40,45,-1
200351,-1,0.00,-1,-1,-1
200352,34,53.09,46,52,-1
200353,-1,0.00,-1,-1,-1
200354,34,51.25,42,50,-1
200355,53,56.10,65,73,-1
200356,51,52.78,61,67,-1
200357,53,50.00,62,68,-1
200358,-1,0.00,-1,-1,-1
200359,-1,0.00,-1,-1,-1
200360,-1,0.00,-1,-1,-1
200361,47,53.97,53,58,-1
200362,30,50.00,41,47,-1
200363,-1,0.00,-1,-1,-1
200364,-1,0.00,-1,-1,-1
200365,38,50.00,49,55,-1
200366,40,50.98,51,57,-1
200367,-1,0.00,-1,-1,-1
200368,42,53.33,51,56,-1
200369,-1,0.00,-1,-1,-1
200370,-1,0.00,-1,-1,-1
200371,-1,0.00,-1,-1,-1
200372,32,53.41,43,50,-1
200373,69,45.00,77,-1,-1
200374,62,50.00,70,78,-1
200375,39,56.10,50,55,-1
200376,60,37.50,78,-1,-1
200377,-1,0.00,-1,-1,-1
200378,-1,0.00,-1,-1,-1
200379,-1,0.00,-1,-1,-1
200380,53,51.72,64,69,-1
200381,38,51.22,46,50,-1
200382,41,50.00,54,60,-1
200383,40,53.70,54,61,-1
200384,-1,0.00,-1,-1,-1
200385,39,51.52,49,54,-1
200386,45,53.66,54,60,-1
200387,-1,0.00,-1,-1,-1
200388,-1,0.00,-1,-1,-1
200389,-1,0.00,-1,-1,-1
200390,-1,0.00,-1,-1,-1
200391,-1,0.00,-1,-1,-1
200392,50,54.17,54,58,-1
200393,35,52.27,44,50,-1
200394,43,50.75,53,59,-1
200395,-1,0.00,-1,-1,-1
200396,-1,0.00,-1,-1,-1
200397,68,20.00,-1,-1,-1
200398,-1,0.00,-1,-1,-1
200399,38,53.73,46,52,-1
200400,35,50.00,47,54,-1
200401,-1,0.00,-1,-1,-1
200402,42,51.92,52,58,-1
200403,45,53.06,58,64,-1
200404,38,53.47,45,51,-1
200405,33,50.00,42,48,-1
200406,45,55.10,55,61,-1
200407,40,51.02,52,61,-1
200408,60,50.00,72,76,-1
200409,43,52.17,53,60,-1
200410,50,53.12,57,63,-1
200411,-1,0.00,-1,-1,-1
200412,24,55.74,36,44,-1
200413,-1,0.00,-1,-1,-1
200414,35,55.17,45,50,-1
200415,-1,0.00,-1,-1,-1
200416,-1,0.00,-1,-1,-1
200417,-1,0.00,-1,-1,-1
200418,-1,0.00,-1,-1,-1
200419,39,54.39,51,59,-1
200420,38,51.39,48,54,-1
200421,42,54.17,51,57,-1
200422,66,50.00,74,79,-1
200423,63,41.18,77,-1,-1
200424,-1,0.00,-1,-1,-1
200425,34,54.05,46,53,-1
200426,-1,0.00,-1,-1,-1
200427,-1,0.00,-1,-1,-1
200428,53,52.00,61,69,-1
200429,46,52.63,57,64,-1
200430,-1,0.00,-1,-1,-1
200431,49,53.85,59,65,-1
200432,54,52.00,63,68,-1
200433,45,54.00,54,60,-1
200434,-1,0.00,-1,-1,-1
200435,-1,0.00,-1,-1,-1
200436,36,52.44,47,53,-1
200437,49,50.00,66,70,-1
200438,53,56.00,62,67,-1
200439,44,53.12,60,66,-1
200440,33,53.12,49,58,-1
200441,31,54.35,41,48,-1
200442,62,53.57,69,75,-1
200443,49,54.55,59,63,-1
200444,41,53.73,50,56,-1
200445,-1,0.00,-1,-1,-1
200446,-1,0.00,-1,-1,-1
200447,37,52.11,45,49,-1
200448,58,51.72,65,69,-1
200449,60,50.00,68,71,-1
200450,42,51.35,48,56,-1
200451,36,55.71,46,52,-1
200452,59,53.85,70,80,-1
200453,-1,0.00,-1,-1,-1
200454,56,50.00,72,80,-1
200455,41,50.00,54,61,-1
200456,-1,0.00,-1,-1,-1
200457,36,52.24,51,60,-1
200458,76,7.14,-1,-1,-1
200459,54,52.63,62,67,-1
200460,53,52.17,62,68,-1
200461,-1,0.00,-1,-1,-1
200462,41,50.00,56,64,-1
200463,35,51.28,47,51,-1
200464,31,52.14,41,47,-1
200465,72,8.33,-1,-1,-1
200466,37,53.09,47,52,-1
200467,31,50.83,39,43,-1
200468,36,50.00,44,50,-1
200469,37,53.12,47,52,-1
200470,37,55.42,45,51,-1
200471,38,51.85,46,51,-1
200472,43,50.88,51,58,-1
200473,48,50.00,61,67,-1
200474,37,54.24,45,50,-1
200475,-1,0.00,-1,-1,-1
200476,54,52.17,70,74,-1
200477,55,54.76,65,74,-1
200478,36,50.00,46,53,-1
200479,41,51.92,56,62,-1
200480,41,52.38,54,58,-1
200481,76,25.00,78,-1,-1
200482,-1,0.00,-1,-1,-1
200483,-1,0.00,-1,-1,-1
200484,56,51.28,63,68,-1
200485,50,50.00,60,67,-1
200486,-1,0.00,-1,-1,-1
200487,-1,0.00,-1,-1,-1
200488,-1,0.00,-1,-1,-1
200489,55,50.00,60,68,-1
200490,34,50.00,43,50,-1
200491,32,50.00,46,54,-1
200492,-1,0.00,-1,-1,-1
200493,-1,0.00,-1,-1,-1
200494,-1,0.00,-1,-1,-1
200495,33,51.14,43,49,-1
200496,-1,0.00,-1,-1,-1
200497,48,50.00,58,65,-1
200498,-1,0.00,-1,-1,-1
200499,54,50.00,61,68,-1
200500,34,51.09,43,47,-1
200501,37,52.83,45,51,-1
200502,66,36.84,76,-1,-1
200503,-1,0.00,-1,-1,-1
200504,42,52.05,53,57,-1
200505,38,53.52,49,54,-1
200506,-1,0.00,-1,-1,-1
200507,44,50.00,54,61,-1
200508,43,51.32,53,58,-1
200509,-1,0.00,-1,-1,-1
200510,-1,0.00,-1,-1,-1
200511,-1,0.00,-1,-1,-1
200512,33,52.33,45,52,-1
200513,-1,0.00,-1,-1,-1
200514,33,53.41,43,49,-1
200515,45,54.55,59,63,-1
200516,-1,0.00,-1,-1,-1
200517,-1,0.00,-1,-1,-1
200518,-1,0.00,-1,-1,-1
200519,47,51.67,56,60,-1
200520,-1,0.00,-1,-1,-1
200521,39,50.79,48,54,-1
200522,-1,0.00,-1,-1,-1
200523,46,51.28,56,61,-1
200524,36,50.65,48,54,-1
200525,59,55.00,73,79,-1
200526,28,53.00,39,44,-1
200527,-1,0.00,-1,-1,-1
200528,42,52.54,51,57,-1
200529,38,53.73,51,55,-1
200530,-1,0.00,-1,-1,-1
200531,29,51.38,38,44,-1
200532,44,51.28,53,59,-1
200533,28,52.31,39,46,-1
200534,30,52.13,41,47,-1
200535,27,54.37,38,45,-1
200536,-1,0.00,-1,-1,-1
200537,-1,0.00,-1,-1,-1
200538,-1,0.00,-1,-1,-1
200539,50,52.00,57,61,-1
200540,-1,0.00,-1,-1,-1
200541,42,50.00,51,57,-1
200542,42,51.16,57,63,-1
200543,-1,0.00,-1,-1,-1
200544,-1,0.00,-1,-1,-1
200545,30,51.90,38,44,-1
200546,42,50.00,56,61,-1
200547,41,52.56,55,61,-1
200548,-1,0.00,-1,-1,-1
200549,38,54.29,47,52,-1
200550,-1,0.00,-1,-1,-1
200551,52,53.33,62,68,-1
200552,36,51.28,49,55,-1
200553,-1,0.00,-1,-1,-1
200554,42,53.33,51,57,-1
200555,-1,0.00,-1,-1,-1
200556,31,51.81,41,47,-1
200557,48,54.76,61,67,-1
200558,37,54.10,48,57,-1
200559,42,50.67,50,55,-1
200560,70,15.38,-1,-1,-1
200561,-1,0.00,-1,-1,-1
200562,50,50.98,57,62,-1
200563,36,50.59,44,50,-1
200564,45,52.63,58,66,-1
200565,75,23.08,-1,-1,-1
200566,55,51.72,64,69,-1
200567,36,51.85,47,53,-1
200568,-1,0.00,-1,-1,-1
200569,-1,0.00,-1,-1,-1
200570,-1,0.00,-1,-1,-1
200571,-1,0.00,-1,-1,-1
200572,51,50.00,63,70,-1
200573,37,50.63,47,55,-1
200574,-1,0.00,-1,-1,-1
200575,54,52.63,64,68,-1
200576,55,53.12,69,74,-1
200577,39,50.00,52,59,-1
200578,54,50.00,72,80,-1
200579,-1,0.00,-1,-1,-1
200580,31,53.70,40,46,-1
200581,-1,0.00,-1,-1,-1
200582,45,50.00,54,61,-1
200583,47,51.06,56,62,-1
200584,32,51.92,41,47,-1
200585,-1,0.00,-1,-1,-1
200586,48,50.00,58,64,-1
200587,-1,0.00,-1,-1,-1
200588,-1,0.00,-1,-1,-1
200589,40,51.52,52,57,-1
200590,29,55.96,40,46,-1
200591,55,52.27,63,71,-1
200592,-1,0.00,-1,-1,-1
200593,41,54.35,50,55,-1
200594,-1,0.00,-1,-1,-1
200595,38,52.31,47,54,-1
200596,31,52.68,40,47,-1
200597,40,50.82,48,53,-1
200598,46,53.66,57,65,-1
200599,42,54.00,56,64,-1
200600,-1,0.00,-1,-1,-1
200601,62,50.00,73,80,-1
200602,48,50.00,57,61,-1
200603,47,50.94,55,62,-1
200604,27,50.37,38,44,-1
200605,-1,0.00,-1,-1,-1
200606,41,52.70,49,56,-1
200607,44,50.00,53,59,-1
200608,35,53.52,46,52,-1
200609,-1,0.00,-1,-1,-1
200610,44,51.22,57,64,-1
200611,45,51.11,55,62,-1
200612,47,50.00,55,62,-1
200613,36,50.00,50,57,-1
200614,53,50.00,63,66,-1
200615,-1,0.00,-1,-1,-1
200616,38,56.06,49,54,-1
200617,-1,0.00,-1,-1,-1
200618,34,52.86,43,50,-1
200619,61,48.28,71,-1,-1
200620,40,50.88,49,54,-1
200621,39,50.82,47,52,-1
200622,24,51.63,33,39,-1
200623,64,57.14,73,78,-1
200624,-1,0.00,-1,-1,-1
200625,-1,0.00,-1,-1,-1
200626,49,55.56,58,69,-1
200627,51,52.27,63,67,-1
200628,-1,0.00,-1,-1,-1
200629,-1,0.00,-1,-1,-1
200630,49,56.25,69,72,-1
200631,36,51.32,45,51,-1
200632,-1,0.00,-1,-1,-1
200633,-1,0.00,-1,-1,-1
200634,43,53.85,55,61,-1
200635,-1,0.00,-1,-1,-1
200636,50,51.67,59,65,-1
200637,53,51.72,72,80,-1
200638,55,50.00,67,74,-1
200639,47,50.00,54,60,-1
200640,44,52.50,52,60,-1
200641,36,54.05,47,55,-1
200642,-1,0.00,-1,-1,-1
200643,36,50.00,48,53,-1
200644,43,52.63,51,56,-1
200645,33,55.56,43,48,-1
200646,37,52.50,46,52,-1
200647,-1,0.00,-1,-1,-1
200648,43,50.00,50,56,-1
200649,39,52.17,45,50,-1
200650,43,54.05,55,63,-1
200651,-1,0.00,-1,-1,-1
200652,33,53.12,44,51,-1
200653,39,54.55,52,57,-1
200654,-1,0.00,-1,-1,-1
200655,-1,0.00,-1,-1,-1
200656,41,54.55,53,59,-1
200657,37,50.88,48,53,-1
200658,49,55.00,59,67,-1
200659,38,51.25,49,56,-1
200660,39,52.17,53,59,-1
200661,-1,0.00,-1,-1,-1
200662,61,52.63,73,79,-1
200663,-1,0.00,-1,-1,-1
200664,51,53.66,60,65,-1
200665,45,51.22,56,61,-1
200666,-1,0.00,-1,-1,-1
200667,52,53.49,64,70,-1
200668,57,50.00,67,73,-1
200669,-1,0.00,-1,-1,-1
200670,-1,0.00,-1,-1,-1
200671,42,50.00,51,57,-1
200672,39,53.57,49,54,-1
200673,-1,0.00,-1,-1,-1
200674,37,52.24,47,53,-1
200675,-1,0.00,-1,-1,-1
200676,34,53.57,44,50,-1
200677,52,53.85,60,67,-1
200678,46,53.73,55,61,-1
200679,-1,0.00,-1,-1,-1
200680,-1,0.00,-1,-1,-1
200681,-1,0.00,-1,-1,-1
200682,-1,0.00,-1,-1,-1
200683,39,54.17,48,53,-1
200684,-1,0.00,-1,-1,-1
200685,58,54.76,66,72,-1
200686,-1,0.00,-1,-1,-1
200687,50,52.63,62,69,-1
200688,36,54.55,46,52,-1
200689,-1,0.00,-1,-1,-1
200690,33,51.85,44,50,-1
200691,-1,0.00,-1,-1,-1
200692,30,50.00,40,47,-1
200693,48,51.61,56,65,-1
200694,-1,0.00,-1,-1,-1
200695,54,50.00,73,77,-1
200696,43,50.00,51,58,-1
200697,-1,0.00,-1,-1,-1
200698,64,41.67,75,-1,-1
200699,43,54.72,50,56,-1
200700,44,51.72,58,64,-1
200701,-1,0.00,-1,-1,-1
200702,33,51.19,44,51,-1
200703,43,52.54,51,55,-1
200704,57,50.00,69,73,-1
200705,65,20.00,-1,-1,-1
200706,-1,0.00,-1,-1,-1
200707,-1,0.00,-1,-1,-1
200708,53,57.14,63,69,-1
200709,42,50.00,51,59,-1
200710,66,54.55,73,80,-1
200711,41,54.84,50,55,-1
200712,36,51.52,44,49,-1
200713,-1,0.00,-1,-1,-1
200714,-1,0.00,-1,-1,-1
200715,50,52.78,57,61,-1
200716,55,51.72,65,68,-1
200717,-1,0.00,-1,-1,-1
200718,39,53.19,53,61,-1
200719,42,51.35,53,58,-1
200720,-1,0.00,-1,-1,-1
200721,52,50.00,63,70,-1
200722,39,52.24,49,56,-1
200723,36,52.50,46,53,-1
200724,32,51.38,42,48,-1
200725,-1,0.00,-1,-1,-1
200726,32,52.11,41,47,-1
200727,37,53.73,52,58,-1
200728,37,52.54,52,58,-1
200729,-1,0.00,-1,-1,-1
200730,52,50.00,73,78,-1
200731,75,25.00,80,-1,-1
200732,52,50.00,60,65,-1
200733,-1,0.00,-1,-1,-1
200734,-1,0.00,-1,-1,-1
200735,52,53.85,61,66,-1
200736,71,16.67,-1,-1,-1
200737,54,51.72,64,69,-1
200738,55,51.43,65,70,-1
200739,-1,0.00,-1,-1,-1
200740,34,56.58,43,50,-1
200741,66,42.86,78,-1,-1
200742,38,50.00,47,53,-1
200743,-1,0.00,-1,-1,-1
200744,48,53.45,57,61,-1
200745,-1,0.00,-1,-1,-1
200746,33,54.46,42,48,-1
200747,34,52.17,44,50,-1
200748,44,53.57,52,60,-1
200749,45,52.00,52,60,-1
200750,-1,0.00,-1,-1,-1
200751,39,50.88,50,55,-1
200752,33,52.17,45,51,-1
200753,-1,0.00,-1,-1,-1
200754,80,12.50,-1,-1,-1
200755,-1,0.00,-1,-1,-1
200756,68,42.86,78,-1,-1
200757,-1,0.00,-1,-1,-1
200758,-1,0.00,-1,-1,-1
200759,51,56.52,62,66,-1
200760,-1,0.00,-1,-1,-1
200761,-1,0.00,-1,-1,-1
200762,46,50.00,63,73,-1
200763,46,50.00,57,66,-1
200764,53,50.00,67,74,-1
200765,-1,0.00,-1,-1,-1
200766,50,50.00,60,65,-1
200767,39,51.43,52,57,-1
200768,-1,0.00,-1,-1,-1
200769,45,54.17,50,56,-1
200770,-1,0.00,-1,-1,-1
200771,63,50.00,70,75,-1
200772,66,20.00,-1,-1,-1
200773,-1,0.00,-1,-1,-1
200774,68,40.00,77,-1,-1
200775,34,50.93,42,49,-1
200776,32,52.94,40,47,-1
200777,-1,0.00,-1,-1,-1
200778,-1,0.00,-1,-1,-1
200779,-1,0.00,-1,-1,-1
200780,28,54.64,41,48,-1
200781,70,35.71,79,-1,-1
200782,-1,0.00,-1,-1,-1
200783,34,51.43,43,50,-1
200784,31,54.74,41,50,-1
200785,-1,0.00,-1,-1,-1
200786,30,50.63,40,47,-1
200787,57,43.75,74,-1,-1
200788,48,50.00,58,65,-1
200789,37,51.52,49,54,-1
200790,-1,0.00,-1,-1,-1
200791,48,50.00,57,64,-1
200792,44,51.72,52,57,-1
200793,36,50.00,42,47,-1
200794,-1,0.00,-1,-1,-1
200795,37,52.38,49,55,-1
200796,-1,0.00,-1,-1,-1
200797,58,54.55,67,73,-1
200798,-1,0.00,-1,-1,-1
200799,-1,0.00,-1,-1,-1
200800,-1,0.00,-1,-1,-1
200801,49,50.00,60,67,-1
200802,64,50.00,76,78,-1
200803,-1,0.00,-1,-1,-1
200804,49,50.00,59,63,-1
200805,32,51.65,42,49,-1
200806,-1,0.00,-1,-1,-1
200807,-1,0.00,-1,-1,-1
200808,64,41.18,78,-1,-1
200809,38,51.85,47,53,-1
200810,66,16.67,-1,-1,-1
200811,-1,0.00,-1,-1,-1
200812,64,50.00,74,80,-1
200813,-1,0.00,-1,-1,-1
200814,-1,0.00,-1,-1,-1
200815,50,51.35,58,66,-1
200816,43,50.00,50,57,-1
200817,45,54.00,53,58,-1
200818,37,53.12,48,53,-1
200819,39,50.00,51,55,-1
200820,45,50.98,54,61,-1
200821,-1,0.00,-1,-1,-1
200822,46,52.94,54,60,-1
200823,54,50.00,62,68,-1
200824,35,50.51,40,48,-1
200825,-1,0.00,-1,-1,-1
200826,-1,0.00,-1,-1,-1
200827,-1,0.00,-1,-1,-1
200828,35,51.19,46,51,-1
200829,37,51.52,49,56,-1
200830,32,51.14,43,48,-1
200831,-1,0.00,-1,-1,-1
200832,47,54.00,58,67,-1
200833,39,50.79,49,53,-1
200834,-1,0.00,-1,-1,-1
200835,33,53.75,42,47,-1
200836,-1,0.00,-1,-1,-1
200837,61,50.00,67,76,-1
200838,27,51.37,38,43,-1
200839,-1,0.00,-1,-1,-1
200840,53,53.33,66,74,-1
200841,-1,0.00,-1,-1,-1
200842,28,50.86,37,44,-1
200843,50,50.00,56,60,-1
200844,47,52.50,57,62,-1
200845,42,54.55,51,57,-1
200846,40,53.12,50,58,-1
200847,51,53.12,64,71,-1
200848,-1,0.00,-1,-1,-1
200849,-1,0.00,-1,-1,-1
200850,-1,0.00,-1,-1,-1
200851,-1,0.00,-1,-1,-1
200852,44,51.16,58,65,-1
200853,-1,0.00,-1,-1,-1
200854,29,50.70,40,47,-1
200855,45,50.77,51,56,-1
200856,-1,0.00,-1,-1,-1
200857,41,51.79,51,58,-1
200858,-1,0.00,-1,-1,-1
200859,46,51.06,57,62,-1
200860,43,50.00,56,62,-1
200861,-1,0.00,-1,-1,-1
200862,-1,0.00,-1,-1,-1
200863,30,54.81,42,47,-1
200864,-1,0.00,-1,-1,-1
200865,52,54.55,62,65,-1
200866,-1,0.00,-1,-1,-1
200867,29,51.52,42,49,-1
200868,54,59.26,66,70,-1
200869,53,55.56,58,62,-1
200870,28,53.23,38,45,-1
200871,42,51.72,54,59,-1
200872,39,50.67,47,54,-1
200873,38,52.46,49,56,-1
200874,48,50.00,62,67,-1
200875,-1,0.00,-1,-1,-1
200876,43,50.00,59,65,-1
200877,47,50.00,56,63,-1
200878,-1,0.00,-1,-1,-1
200879,-1,0.00,-1,-1,-1
200880,40,50.65,49,56,-1
200881,-1,0.00,-1,-1,-1
200882,-1,0.00,-1,-1,-1
200883,-1,0.00,-1,-1,-1
200884,-1,0.00,-1,-1,-1
200885,50,51.43,64,69,-1
200886,-1,0.00,-1,-1,-1
200887,49,52.38,60,66,-1
200888,60,50.00,71,76,-1
200889,35,50.79,42,50,-1
200890,49,50.00,64,72,-1
200891,64,50.00,71,78,-1
200892,-1,0.00,-1,-1,-1
200893,-1,0.00,-1,-1,-1
200894,48,52.63,63,68,-1
200895,-1,0.00,-1,-1,-1
200896,-1,0.00,-1,-1,-1
200897,-1,0.00,-1,-1,-1
200898,35,53.16,45,52,-1
200899,37,54.55,49,55,-1
200900,-1,0.00,-1,-1,-1
200901,27,50.00,40,46,-1
200902,-1,0.00,-1,-1,-1
200903,31,53.19,39,46,-1
200904,-1,0.00,-1,-1,-1
200905,37,50.85,52,58,-1
200906,36,52.63,47,54,-1
200907,-1,0.00,-1,-1,-1
200908,61,40.00,76,-1,-1
200909,-1,0.00,-1,-1,-1
200910,28,52.50,39,45,-1
200911,36,52.56,47,53,-1
200912,-1,0.00,-1,-1,-1
200913,-1,0.00,-1,-1,-1
200914,54,52.78,64,69,-1
200915,-1,0.00,-1,-1,-1
200916,-1,0.00,-1,-1,-1
200917,-1,0.00,-1,-1,-1
200918,-1,0.00,-1,-1,-1
200919,-1,0.00,-1,-1,-1
200920,-1,0.00,-1,-1,-1
200921,44,51.02,55,63,-1
200922,35,53.62,46,52,-1
200923,37,51.85,48,53,-1
200924,66,26.67,80,-1,-1
200925,65,55.00,72,78,-1
200926,-1,0.00,-1,-1,-1
200927,35,50.00,42,48,-1
200928,49,52.83,58,63,-1
200929,40,50.94,52,57,-1
200930,-1,0.00,-1,-1,-1
200931,32,52.11,40,46,-1
200932,-1,0.00,-1,-1,-1
200933,38,52.63,50,56,-1
200934,46,50.00,57,65,-1
200935,-1,0.00,-1,-1,-1
200936,-1,0.00,-1,-1,-1
200937,-1,0.00,-1,-1,-1
200938,34,53.23,49,54,-1
200939,44,51.35,58,62,-1
200940,27,51.85,38,44,-1
200941,-1,0.00,-1,-1,-1
200942,-1,0.00,-1,-1,-1
200943,38,51.72,51,56,-1
200944,39,53.73,46,53,-1
200945,42,52.00,58,64,-1
200946,61,56.52,68,73,-1
200947,-1,0.00,-1,-1,-1
200948,-1,0.00,-1,-1,-1
200949,58,50.00,75,80,-1
200950,-1,0.00,-1,-1,-1
200951,-1,0.00,-1,-1,-1
200952,56,55.56,68,74,-1
200953,32,50.00,44,52,-1
200954,34,53.42,46,52,-1
200955,-1,0.00,-1,-1,-1
200956,52,53.66,61,67,-1
200957,45,51.72,53,59,-1
200958,-1,0.00,-1,-1,-1
200959,33,50.00,47,53,-1
200960,53,53.57,63,70,-1
200961,53,54.17,61,66,-1
200962,-1,0.00,-1,-1,-1
200963,49,50.00,62,69,-1
200964,62,50.00,68,74,-1
200965,35,51.09,48,53,-1
200966,33,50.00,43,49,-1
200967,-1,0.00,-1,-1,-1
200968,43,51.02,52,57,-1
200969,34,54.05,47,53,-1
200970,30,56.63,41,46,-1
200971,-1,0.00,-1,-1,-1
200972,32,54.05,41,47,-1
200973,-1,0.00,-1,-1,-1
200974,-1,0.00,-1,-1,-1
200975,37,50.00,44,49,-1
200976,33,54.29,48,52,-1
200977,-1,0.00,-1,-1,-1
200978,42,52.38,55,61,-1
200979,53,53.33,64,70,-1
200980,33,55.71,45,52,-1
200981,-1,0.00,-1,-1,-1
200982,40,54.29,53,58,-1
200983,24,52.59,36,42,-1
200984,-1,0.00,-1,-1,-1
200985,71,12.50,-1,-1,-1
200986,-1,0.00,-1,-1,-1
200987,-1,0.00,-1,-1,-1
200988,-1,0.00,-1,-1,-1
200989,34,50.75,43,51,-1
200990,-1,0.00,-1,-1,-1
200991,37,53.95,51,59,-1
200992,46,50.00,61,66,-1
200993,36,52.94,47,52,-1
200994,31,50.98,38,43,-1
200995,25,53.17,35,41,-1
200996,45,53.49,55,61,-1
200997,-1,0.00,-1,-1,-1
200998,-1,0.00,-1,-1,-1
200999,-1,0.00,-1,-1,-1
