brca1_rate,low_delta,high_delta,neoplastic_div_rate,tp53_rate,d1_threshold,d2_threshold,division_rate,tumor_threshold,distance,weight,onset_age,sat25,sat50,sat90
0.056707403626883035,0.12292901688390333,0.49464441814477955,0.14479344900031896,0.003060136026638125,1.92992353468166,5.327232771336243,0.0009561013765873492,0.04850247952427923,31.89,0.00492800974002001,40.0,50.0,55.0,-1.0
0.045130977742067487,0.08823556866812278,0.2879801508306893,0.23613039190721546,0.002949405777015459,2.0573643332841245,5.018718167441458,0.001076150607131643,0.047444487121318754,32.48,0.004349287360932931,45.0,51.5,56.0,-1.0
0.04635821219609447,0.11351430922567478,0.316420456143493,0.1311765603319614,0.0029871559567820273,2.0203426657971084,5.343818624693414,0.0010507274833006155,0.050772028064218266,17.3,0.0029866597692066723,45.0,54.5,60.0,-1.0
0.048886056796567594,0.12915969606428457,0.23521960384197496,0.1854224757586274,0.002726789952854527,2.063679070163411,5.4596551043361075,0.0009112937561003587,0.04618676208770055,16.08,0.006521923617031804,42.0,49.0,53.0,-1.0
0.04780144375810217,0.1057369660610963,0.2238278336394594,0.2051450375459891,0.0028721136553771713,2.0045393150851876,5.278217923728783,0.0010370520688195624,0.052731955004655794,39.75,0.003646257176721338,44.0,50.0,55.0,-1.0
0.044651620886907314,0.09782490165012034,0.35294209713926006,0.21843961396578523,0.0028637336518425177,2.072483336668494,5.00587839714948,0.0009785688570195265,0.05065001271444299,1.62,0.003115428760000781,44.0,51.0,54.5,-1.0
0.056774841690408175,0.14616056156987373,0.2103530292097004,0.1289947187223841,0.0030935323585234466,2.0149454941378866,5.081525928454011,0.001002631279146263,0.05159718754683278,37.61,0.005713623420090529,38.0,48.0,54.0,-1.0
0.04918761803734608,0.11077193599540318,0.46406542593157635,0.1184759128085199,0.0032438247970060768,1.885141708285379,4.974374279398363,0.001023693590054572,0.05284496589251629,1.84,0.004519611176408086,42.5,54.0,60.0,-1.0
0.041283250017303035,0.09745194084378715,0.42066326244675806,0.1661751593947404,0.0029303157964965408,1.8256006374230629,4.860046388924347,0.0009250139276707995,0.05152275701430236,4.77,0.0042431374791477615,46.0,55.0,60.0,-1.0
0.04377735186467204,0.11409678469012026,0.14357469916246737,0.13778002177649268,0.0027837541711089697,1.926052392972112,4.788534672957155,0.0010383273264962228,0.04726466583761697,0.94,0.003983315113172207,43.0,52.5,58.0,-1.0
0.04660822236239685,0.1015142768762112,0.587588445644478,0.13436374377390636,0.003220939013447909,2.090860537218361,5.06482324595185,0.0010579461918990992,0.05308047421593127,5.74,0.005274676296135313,44.0,55.0,59.5,-1.0
0.04141818471662025,0.12035397713570284,0.15181990915278945,0.13722833258031258,0.0028227759081567412,1.828945119017128,5.408281678940019,0.0010277112857270093,0.04663580713404338,25.79,0.005263653315220582,47.0,56.5,62.0,-1.0
0.04127808311768912,0.08383775677481045,0.16077533243692088,0.2064194318528788,0.003093071810808966,2.033290170801468,4.625934561748475,0.0009111255221036345,0.053127379912227705,8.23,0.006467539321313623,46.0,53.0,57.0,-1.0
0.04356189282829044,0.10178750672376513,0.3653352552560165,0.2351400331352852,0.002855771841167605,1.896296863722871,5.099609884830611,0.0010006212240355752,0.05050947094502391,15.73,0.003643870252563395,43.5,50.0,54.0,-1.0
0.0496757868947519,0.1411954822971871,0.43433341792965857,0.11392388465064154,0.002935599348468953,2.045754127480525,5.141699231177991,0.0010642943689206708,0.04880199952196227,15.97,0.004321884517149542,40.0,51.0,57.0,-1.0
0.041094735687626165,0.10774360379066357,0.12116664997765608,0.14338952994780152,0.0028867163503887043,2.1171073063114325,5.218430235108174,0.0009255827001582497,0.05201840545034544,37.15,0.004948311991860281,49.0,57.0,62.0,-1.0
0.03966534381657183,0.10538150967341926,0.18208370382098876,0.21673500641720533,0.003139703574948407,1.8422903067699834,5.1482766172702235,0.0009486766114443773,0.04658656248032489,8.42,0.005565699496050143,44.5,52.0,56.0,-1.0
0.04494229598318504,0.09130672980101372,0.3786763087894641,0.2203438302288154,0.0031886391903125505,1.8122524718862505,5.225294174779376,0.0009073550485611848,0.0521460071823563,38.59,0.006831028834855557,46.0,53.0,57.0,-1.0
0.03383420953360042,0.1133858967046252,0.412449302896619,0.12157188913150266,0.0028280880910592845,2.0166896246324124,5.335601542203414,0.001075650582221501,0.05443133296123549,28.49,0.00627675716853578,47.5,57.5,63.0,-1.0
0.04867607676515826,0.1116401309135242,0.23468289081238375,0.15188684664124852,0.0029814887494845565,1.9303744514699772,5.130746149392211,0.001028742719592918,0.04567347329245483,19.06,0.003117454073496599,40.0,50.0,53.5,-1.0
0.04766734048404805,0.11236421302821434,0.4593210185791518,0.1594657213810274,0.0030754177574042678,1.908744360033826,5.357487427652126,0.0010597635450861824,0.047890797765836046,17.11,0.0035270565313083365,40.0,49.5,53.0,-1.0
0.043256784134564526,0.1439332701095729,0.34742285686515106,0.11450343127177978,0.0028865373441171035,1.8278788147283707,5.416766346758561,0.0009017222625918728,0.05024323534097281,26.34,0.0075761825674201325,41.0,52.0,59.0,-1.0
0.051408555590542006,0.11785262388359108,0.41290352974415045,0.20154805267927534,0.003121753081762502,2.158086885067516,5.492423530455067,0.0010594429856766766,0.0498845778399225,39.72,0.005569436510379345,38.0,46.0,49.5,-1.0
0.03848503432529656,0.10273550164439947,0.5058081073375131,0.174840069405761,0.0030121550093362235,2.149191023840443,5.458613536806282,0.001043542111170545,0.054998486533446585,10.5,0.006512889498713891,46.0,54.0,56.5,-1.0
0.04728456668012974,0.08221552476468143,0.3838229659253711,0.22454419038945603,0.0032518078885716826,2.1618957932898195,4.882395630660537,0.0009755927797968271,0.046462885806578424,7.63,0.005769037052276797,41.0,49.0,53.0,-1.0
0.03973989260627183,0.09560745766596601,0.26960308068334193,0.1000885804836439,0.0032618925614305992,2.0337472093284634,4.792819025229403,0.0010072872898556637,0.04907671299876052,35.24,0.004374527750617995,47.0,58.0,65.0,-1.0
0.03465317200069035,0.09187251739039032,0.3741990586020566,0.19935704258695774,0.0029327619154981993,2.06223210308494,4.953613251787842,0.0009719486525872821,0.05142905458272429,39.4,0.0037389970677989513,44.0,52.0,57.0,-1.0
0.038300386925205106,0.09697439776846763,0.5966768204986713,0.13340400659670312,0.0029431072286133448,1.9838402101574009,4.576938942273545,0.0010030546397663113,0.05418468119424144,33.68,0.006188091838442131,43.5,52.0,58.0,-1.0
0.03402782053185347,0.10632051099713417,0.43088803993794184,0.1362440677219025,0.0029718131862009676,2.0731324689700505,5.488384787776359,0.0009571011987429365,0.05467323731176084,38.14,0.006665280909907702,48.0,58.0,63.0,-1.0
0.04827205919520313,0.1616166490341598,0.16774795127665804,0.15357082527160054,0.0027086863426648232,1.9308331329403512,5.400231952442064,0.0009210718591019438,0.046265276382133604,32.51,0.01073078123916095,39.0,48.0,53.0,-1.0
0.04435270352701214,0.1032636159670121,0.5167222486995937,0.16705351317070471,0.0031466583242838147,1.875644267278074,5.0061273350945,0.0009250129266922739,0.04540239986610291,20.01,0.0051044435529571915,40.0,50.0,54.0,-1.0
0.046975558638890046,0.10369509773159316,0.20705275722943745,0.11567128413394188,0.002962139552827762,2.1625604487006838,4.7484901698548905,0.0010425866420578744,0.05337439240686636,12.02,0.004871958618662435,42.0,53.0,59.0,-1.0
0.05218393331014904,0.12782071838759718,0.19898734235130522,0.1029965599669409,0.0029971017219415485,1.884018248871897,5.044404113510697,0.0009835696882980996,0.04898772498789118,26.86,0.004438379361959295,40.0,52.0,58.0,-1.0
0.03739704843323693,0.0719686378254843,0.5700885793674044,0.17951905390702555,0.0031215198114223665,2.004851587740013,4.667185395877236,0.0010888725382381954,0.04887850846426902,38.71,0.006705202732863486,45.0,53.5,57.5,-1.0
0.038814581822726374,0.09867833900341925,0.20687155579644462,0.13107666821650782,0.003040054998883672,1.907188849234762,4.8935642289050465,0.0010795989816408,0.04586096272180302,22.01,0.004336409895584624,46.0,57.0,62.5,-1.0
0.04334369420519632,0.10542812506462533,0.5134087687182388,0.14188004065512852,0.0032063111727271237,2.191991122630006,5.277389140918426,0.0009520352340114905,0.054430796040539985,10.49,0.006834419417758133,42.0,51.5,57.0,-1.0
0.037721204740809054,0.09684370095316969,0.46135929851921387,0.13987308668490647,0.00287446482586392,2.1029810261771886,5.064534670411489,0.0010017675707948166,0.047598028028423826,19.97,0.0035222982808192273,45.0,55.0,61.0,-1.0
0.04993989110085032,0.10038914005473669,0.4525102307387652,0.12430002015358818,0.0029480330886941003,2.0839615011084214,4.536090573452935,0.0010970414837592301,0.05356927405467696,12.18,0.0060718082795028295,41.0,51.0,56.0,-1.0
0.04096823444456715,0.11350694826197641,0.16067411386505379,0.11996919300145406,0.0029418760967996078,1.9243315185490237,5.330684112704563,0.0010675932505310438,0.047057428513310774,21.02,0.004438614567974419,47.0,57.0,64.0,-1.0
0.04521957966950073,0.09974683324708214,0.4587552630775624,0.15291953575423156,0.0029942808442766497,2.1563440004985694,4.7966248484381175,0.00109223638559813,0.05406486816903332,14.78,0.004983124647452676,42.0,50.0,56.0,-1.0
0.05116700291814484,0.11058030530886845,0.35001224307233214,0.14733429094058945,0.003043855903956277,1.9549283386178906,4.836766580758691,0.0009401062570161713,0.05297934132951251,7.57,0.003537421292337014,42.0,51.0,56.0,-1.0
0.05298358951236548,0.10106526903533834,0.3371256701702898,0.19213142385302265,0.0031363230890434223,1.8204891787929285,5.0799039849782845,0.0009308359643797109,0.04776832310081376,24.79,0.004775325035638434,44.0,51.0,55.0,-1.0
0.051192243815376924,0.09984003979795095,0.22498885747109573,0.1564182807559241,0.003191471818124046,1.9643276097791684,4.630257459878075,0.0010360986855520876,0.047988098260189696,39.39,0.003667773629623362,40.0,49.0,54.0,-1.0
0.05142257780198974,0.10577012662866082,0.4119878687782107,0.2237332740201779,0.003010257771820508,1.9690850193400307,4.898742494471791,0.0009057603129615966,0.05159436429141838,28.21,0.00474510835373864,39.0,45.0,50.0,-1.0
0.049489844893826324,0.12420182689818436,0.32774252590579894,0.14706931331934134,0.0028622557319574926,1.982660296925714,5.38431827178971,0.0010613539579497004,0.04826978697108963,6.0,0.003465269090949146,43.0,52.5,57.5,-1.0
0.050108064680449406,0.0967409124468483,0.42171778585389663,0.2350707155574424,0.0030258014810805034,1.860738746396059,4.932126039284398,0.0009773106534943883,0.04700381367340917,20.36,0.004544980112608206,41.0,47.0,51.0,-1.0
0.04675689324837304,0.13658341004403132,0.36679914533101865,0.1426397466572247,0.002737309260067417,1.9534185599753358,5.447145108502113,0.0010955467842550563,0.047473067267543724,9.97,0.005686027050855279,42.0,53.0,57.0,-1.0
0.04935268514086902,0.10038423938618106,0.3169847146999437,0.20995531253120167,0.002901296140112409,1.878120778805917,4.735877759720369,0.0009457142330356818,0.04602893630629247,16.92,0.004450087825053046,39.0,46.5,51.0,-1.0
0.04666155548558479,0.08432446923917196,0.39377136960540016,0.12516314840198325,0.0029846411765448696,2.1512625932557743,4.716004610139498,0.0010316825136104627,0.049893594782157394,21.47,0.0037896833537198033,46.0,56.0,62.0,-1.0
0.04307608365465109,0.10954374235790035,0.25841801565210587,0.15368990885835712,0.0032429928305113096,1.9476174997064066,5.066319659423892,0.001060165909897093,0.05033454646539486,29.6,0.00331470500460521,42.0,51.0,57.0,-1.0
0.045860118797830085,0.1076034138981025,0.2762264298439181,0.1696477678888994,0.002912021782317906,1.9323088792182592,4.869610634295706,0.0010806776140028724,0.04810550298252617,14.98,0.0030056992555018134,43.0,51.5,57.0,-1.0
0.0530667479766358,0.14601095223986563,0.3839583684081842,0.12196202672670552,0.0027491201709880994,1.8883306925962087,4.942538251877035,0.0009888705590323638,0.04985502866398468,29.34,0.005508192155857419,39.0,49.5,54.0,-1.0
0.04762110183354396,0.10740930331489455,0.49988543697299526,0.2174516190981924,0.0030611277889252032,1.9019793408848313,5.210442327884609,0.0009485128919316393,0.052486693833149946,32.97,0.004423342544527082,40.0,48.0,52.0,-1.0
0.05128254335303739,0.14862605226531594,0.29296291034244243,0.14003558565086938,0.00308856022245615,1.9583393540238099,5.350981201970251,0.0010419903990702562,0.0545294553997797,18.82,0.006247394383209065,42.5,52.0,55.5,-1.0
0.05487350777466504,0.1184041604964734,0.14862518789715315,0.20111515025052618,0.002920593457107826,1.9977813240497597,4.947892494066121,0.0010058124884795197,0.05305831205736835,36.3,0.004814849947386126,40.0,47.0,51.0,-1.0
0.043875896882679,0.09499288259293612,0.1547543352786128,0.1806874124944957,0.0031306425561944437,2.009573175057478,5.06555161629573,0.0009947345527394594,0.04937241347576685,13.7,0.003025183114954338,45.0,54.0,59.0,-1.0
0.04669028394583223,0.1334491059265536,0.5117447695882669,0.12784863922412815,0.0027412008560859695,1.8634741833073862,5.462383736405858,0.0009714633065507814,0.048211199242853456,4.04,0.005973213317688609,43.0,54.0,58.0,-1.0
0.041283662177879946,0.0843252966435271,0.32999924086682453,0.20539082645140713,0.003108160230353888,1.9202790429373904,4.956835581922319,0.0009225474566118593,0.04807535932205611,6.32,0.004045958003399014,44.5,54.0,57.5,-1.0
0.0537396564825022,0.11795690848893804,0.36462660975263306,0.15639169924192473,0.0032783119791032233,2.0419507324104886,5.019452596578628,0.0010743214504920233,0.0507473557479323,28.23,0.004449661108648076,40.0,47.0,53.0,-1.0
0.05256004086168854,0.10199908677322828,0.3838346135394758,0.1158492172646582,0.003014762553781904,2.1918804968217436,4.940911971413238,0.0010297757195583638,0.04858941847594314,21.97,0.004250143419777783,43.0,53.5,59.0,-1.0
0.05561980919705785,0.12191063861277437,0.29370820266586195,0.13456295848094035,0.0031850617429845696,2.0491019054747937,5.194471301602139,0.0010112840234202984,0.050344176074493825,21.17,0.0039638224819295385,42.0,50.0,55.0,-1.0
0.05390580850981896,0.11521428811571639,0.4176961724547385,0.12594373633583766,0.0032118753240919285,1.9537740738113392,5.075565996437483,0.0010203467791636337,0.053585541339058074,12.73,0.004495887953267244,43.0,52.0,58.0,-1.0
0.037839376546154796,0.10456361489441725,0.533002885410373,0.23912110309982632,0.002749355330178286,2.1214397819818074,5.409099024808234,0.000911521776213714,0.05105346690020698,7.27,0.00988405840378069,43.0,49.0,52.0,-1.0
0.05516697682026955,0.1438419523048005,0.28321919427838693,0.15002622810064592,0.0030321128312833737,2.11838621877493,5.491188115756821,0.0009913768422981912,0.04854708876696471,28.34,0.0057334319357448815,41.0,50.0,55.5,-1.0
0.045512850879125155,0.10117594248115554,0.3847970756313792,0.2086294600741602,0.002741752326894934,2.01681151203521,4.734445734271775,0.001027140282950151,0.04587060928174408,15.47,0.004182591568849447,40.0,48.0,52.0,-1.0
0.03398378835615118,0.09883995454427394,0.22517384206893576,0.21213914643021847,0.002741490550876481,1.8161878380506828,5.098621106365858,0.0010281913837136762,0.04849739709677676,26.66,0.006062878020346222,46.0,53.0,57.0,-1.0
0.049825308425061804,0.13127989641639906,0.4249196424881661,0.14414879489634927,0.002938321189820185,1.8723795457342158,5.080134703970797,0.000908773761876639,0.05060879459010477,26.57,0.004573101499259865,39.5,48.0,54.0,-1.0
0.048344906549479816,0.12348453514656241,0.20389711577450217,0.17534913446073225,0.0030882869268670293,1.8139304405469705,5.423830087630051,0.000969062299253907,0.05271110940731619,9.96,0.005346898128568156,43.5,52.0,57.0,-1.0
0.038364050075485524,0.1063758492782941,0.2865359436976213,0.1261468120561118,0.0028759405733650677,1.954541897184814,4.955945887970816,0.0010137328687871245,0.052367957524816516,24.43,0.0031573062681282084,48.0,58.0,64.0,-1.0
0.03985149272341456,0.08070452207901607,0.575119327944248,0.2299811188968069,0.0028424214298143303,2.0988314329515507,5.012750904509181,0.0009985039896579081,0.051497658988164385,7.6,0.005896666731687853,45.0,52.0,57.0,-1.0
0.04157572914039059,0.12393284388120038,0.14832842939518132,0.16620804905278214,0.0027058095435599874,1.8484150830871788,4.982475281811418,0.001047141793614176,0.05407657275122783,4.9,0.006018313160062008,44.0,53.0,58.0,-1.0
0.052674072815773396,0.11197138220479962,0.5857046483047317,0.13790564052862905,0.0031371529143436063,1.9159246438182356,4.507092961391122,0.0010361912749013724,0.04723435973564562,34.58,0.006792215364184166,38.5,48.0,54.0,-1.0
0.054399140918296035,0.11590393881656655,0.15729296486703684,0.1967613277416383,0.003278669333310967,2.040712688998566,4.8901426166085304,0.0009543953355101709,0.05461120664288315,34.31,0.007510509019380618,38.0,45.0,49.0,-1.0
0.04283652526872519,0.07788934831134606,0.16311923685698076,0.18489731207935667,0.002940213114646965,2.122169581520608,4.656807508742865,0.000998198899643047,0.05227332658687161,18.62,0.004576540094023748,47.0,54.5,60.0,-1.0
0.03878747144394803,0.10203039025027821,0.1324707062286734,0.1409526332983282,0.0028292886215126427,2.0187880482414773,4.785426133291928,0.0009988489438984562,0.04535250874407586,15.48,0.004455185872568856,45.0,56.0,62.0,-1.0
0.03898847678795768,0.09880840349161345,0.23716852390727294,0.20081539087115316,0.0028143078725681573,2.111489630506107,4.917056580937751,0.0010211405121133231,0.04925311939569921,16.44,0.0035318761469829985,43.0,51.0,56.0,-1.0
0.03736581845915992,0.09996081884049782,0.4130752503367346,0.16091000543278297,0.0028463545558370714,1.886083224731494,5.0438831545453215,0.0009527997762155917,0.05096515829224042,20.06,0.0035457239819128698,47.0,56.0,61.0,-1.0
0.046235274175394955,0.09176841008982378,0.41231053089625536,0.11172231358371128,0.00315386893800424,1.860634491158211,4.739319512249836,0.0009334424336036308,0.05408631715299043,13.43,0.006040904145105873,46.0,56.0,63.0,-1.0
0.047517298784500846,0.12421798402303814,0.505633370770249,0.14090588428311204,0.0027385781208039833,2.1380091005659514,4.878068746606415,0.0010607508878180032,0.053579638275905936,24.3,0.005590645444458916,39.5,48.0,54.0,-1.0
0.039477716255395555,0.10311365744576495,0.2352270593965155,0.16338597904543634,0.0027494596295838873,2.0436615855194114,4.503968980033075,0.001039990051574349,0.05487177672949908,31.57,0.006074614443583998,43.0,53.0,58.0,-1.0
0.05270495878179906,0.10670233820413441,0.4406474140365596,0.1537055956031637,0.0032901576906503665,1.8742555032225217,4.934389661268485,0.0010708666817565947,0.04854065186803006,15.04,0.004856629878144191,40.5,49.0,54.0,-1.0
0.04908276125450742,0.0875457130342076,0.20871100053349353,0.1735936795253713,0.003010026192855392,2.1515539983673078,4.690595469548569,0.0009345609674681575,0.04530514655476911,24.76,0.0053063514439505785,44.5,53.0,57.0,-1.0
0.045257121794789475,0.11984023888207293,0.28378852974837987,0.11124794016751502,0.0029378274014051145,1.978274986115889,4.976750792587803,0.001015080348041189,0.04965171617918606,5.4,0.002837338445039816,44.0,55.0,62.0,-1.0
0.04876725618567341,0.0860592336945801,0.33020375084945086,0.14971419705551042,0.003028739287170651,1.9273891198105353,4.544876567849395,0.001054233613841258,0.04508803651857592,37.56,0.0046542912533086254,45.5,54.0,59.5,-1.0
0.04051716545053827,0.10386606655893504,0.12624972353055355,0.19826292143380822,0.002842482308158783,2.1228709202576432,5.213011080166143,0.0009874476628377845,0.05277225085890294,15.12,0.00477454426534461,44.0,53.0,57.0,-1.0
0.042534480426966434,0.13682672869313245,0.34330081544767654,0.16427321482812518,0.002821569728132134,1.9388259868909519,4.931752537422501,0.0010582507142900613,0.054399033894137444,25.95,0.004536521303102378,43.0,51.0,57.0,-1.0
0.04028795945331007,0.12754233988946406,0.1836543216041055,0.16105439474461886,0.002726907574622243,2.0876479068139693,5.28044406737011,0.0010206603482113873,0.04914209018838954,8.7,0.004165071372168259,44.0,53.0,58.0,-1.0
0.0394379944802115,0.09244027030457268,0.16864410324761064,0.15494830115499547,0.002962885307325694,1.842169960509702,4.5845237112543575,0.0010544119575737324,0.054821338509453685,36.7,0.006508879262692275,45.0,54.0,60.0,-1.0
0.050782120410929235,0.13365391851754183,0.17830857107535922,0.20905048022719455,0.002723680671338383,2.0167215290128153,4.929800865164,0.0009521544906654188,0.05292716928310717,39.03,0.006143003387701573,40.0,46.0,51.0,-1.0
0.047370453356350956,0.1161138115389741,0.3828831981360308,0.16945490060830612,0.0031529142265559,1.944559808602816,5.062595787940776,0.0009806311122144812,0.04700491044539796,15.45,0.002918608787241278,42.0,50.0,55.0,-1.0
0.042029620146551,0.12557380664112555,0.35271346300630985,0.12049833353737432,0.003008840905417622,2.0345564759871255,5.261386202059371,0.0009901253616399857,0.04872128364786322,3.53,0.0030485916531284587,44.0,54.5,60.0,-1.0
0.040620563061962565,0.0992954001357413,0.37262493963861676,0.20160586596397234,0.003013509254854524,2.0307696126855914,5.40134223816209,0.0009043931596667007,0.05405283977053086,10.51,0.005556597603554531,45.0,52.0,56.5,-1.0
0.04472296075139635,0.09487439661777877,0.32291092117177816,0.2012063938799517,0.002902081923324645,2.0255656660687675,4.531243649753104,0.0010819005604351126,0.05380270589865403,10.48,0.004925123195672734,42.0,48.0,53.0,-1.0
0.04017991062819298,0.10714630305475555,0.5889786530371542,0.1623457722760756,0.0028895118657692245,1.854162048218146,5.220789441056369,0.0009204979802620607,0.0484359980287167,7.9,0.005645923953970146,43.0,51.5,57.0,-1.0
0.04623078521236502,0.1195425594365811,0.304377114157913,0.20128386632598588,0.0031611237908244585,2.0301737433698572,5.17554884347275,0.0009364383252488672,0.049539822168837865,25.46,0.0035236935185054504,40.5,49.0,53.0,-1.0
0.03606854735002967,0.10687458753782082,0.3333653267309835,0.20435344523074267,0.0028372009929234295,1.9547820874047934,5.496132433879396,0.0009744606403872927,0.05088707047494063,38.69,0.004519609110021717,46.0,53.0,57.0,-1.0
0.04212159655745487,0.10643683512711812,0.3168448856143378,0.1462909150106292,0.0027607781577699084,2.0702089946910545,4.644989854847308,0.001050025999232764,0.049857880907801265,8.1,0.0035945583469098245,43.0,52.0,58.0,-1.0
0.041766482886005825,0.09634870536198283,0.3842686089940669,0.17012791621507828,0.0030291681444436906,2.0771633305697317,4.814663433878554,0.0010455007533807193,0.04993951104167889,27.82,0.002735014599748037,42.0,51.0,56.0,-1.0
0.03568816712923121,0.08630548950567243,0.40380120783911605,0.20156659442142463,0.00317497449224201,2.069299943793182,5.152450275049779,0.0010537692991292417,0.04835901738369575,35.84,0.004513201325248557,45.0,53.0,58.0,-1.0
0.04301903901475041,0.12656560137602163,0.1405815842928609,0.11949109282525125,0.0028989854214821645,1.9359581787454256,4.799379240584896,0.0009222373036158332,0.04751189674956596,7.92,0.005169551569782259,44.0,54.0,61.0,-1.0
0.04581502922649968,0.09844926399900647,0.39629085465182284,0.17551461556287734,0.0028518966259747426,2.1227630125399193,4.846864304985338,0.001083235828210253,0.04950801794217604,8.59,0.003527214796905205,42.0,50.0,55.0,-1.0
0.049106907228805216,0.13828111659472908,0.17747478726735658,0.10069295822952833,0.0031414472963254758,2.0413782044630384,4.641660769354324,0.0010726140506061306,0.05372831583067182,34.27,0.008519365339073104,41.0,52.0,58.0,-1.0
0.04503396914552297,0.10747671010173557,0.47095655245987234,0.20409010466189906,0.003147156670655604,1.8524171525810098,5.065088375303368,0.0010396620413238276,0.05001335129233814,13.62,0.0037356463143485073,42.0,49.0,54.0,-1.0
0.04322592461007273,0.10324171514227524,0.12719709449695976,0.20073096092848408,0.0028072673389226313,2.1154800449971103,4.576170915038908,0.0009636423577404488,0.05160668049151786,13.07,0.0055919514717011065,43.0,51.0,55.0,-1.0
0.04588182311266112,0.14233025194127602,0.4191234677521889,0.15435930798175315,0.0028700394974092457,1.9126158333069907,5.137572876540456,0.0010311543333069361,0.0532067658783202,29.64,0.004071435999696466,40.0,50.0,55.0,-1.0
0.04449307691692038,0.09765217469020865,0.5646227046913205,0.14325335168550446,0.0030354783171913733,2.0360183580788433,4.643679229205783,0.0009471816835090072,0.05032199137810966,4.87,0.004229042990613102,44.0,53.0,59.0,-1.0
0.05169250278239617,0.13383425755050432,0.43332735444805215,0.1274582192429635,0.003044907906162523,1.9180484115614391,4.9657246945806355,0.000930387880985714,0.049847104271854716,21.3,0.004379749440724541,41.0,52.0,57.0,-1.0
0.03985075288642083,0.08941652828588417,0.3037239855059607,0.1670054486937464,0.0030218059028158163,2.1170289549638657,4.988068729089592,0.0009922501740107779,0.05472474577428071,26.58,0.003917786503640754,47.5,57.0,61.0,-1.0
0.04960851943888403,0.12772660929313467,0.4105250789919003,0.14776315020281588,0.003055467079882589,1.827694382019995,4.911268529799604,0.0009525127553294945,0.0498342659297496,22.87,0.003997186764125263,41.0,50.0,55.0,-1.0
0.04660352225012098,0.09199066185395528,0.20806127740400515,0.16507873203872164,0.0030417573824500334,2.0045595150735642,4.598646159819631,0.0010626489039128036,0.0454812014519846,12.04,0.004070547156509526,43.0,53.0,59.0,-1.0
0.03925030195004474,0.08165879342551044,0.23869942107104847,0.18777857260224307,0.0028806695491857036,2.1678386818184108,4.8011457203131656,0.0010270873755584933,0.049482071691179075,30.11,0.004150194142865282,47.5,56.0,60.5,-1.0
0.05150058014990756,0.11480619709162307,0.4895052080732999,0.14321117695183672,0.003289198111141896,1.8023071757579574,4.860515253130331,0.0010780756792294456,0.047167612197715744,13.66,0.007135727021642772,40.5,51.0,56.0,-1.0
0.04310144058051955,0.13490575710703998,0.3407183809727664,0.16252913382161358,0.002818479283550762,1.9994563471701627,5.312872729386179,0.0009197277430384347,0.05438280817682607,13.82,0.005175206123371428,43.0,52.0,57.0,-1.0
0.04654380362859972,0.10004970855553123,0.410729280474372,0.23974319447619424,0.0030647023226371226,2.011040890286301,5.0388285921479135,0.0009968526727717744,0.047518767577983324,8.99,0.003654991615550911,41.5,49.0,52.0,-1.0
0.046929955908396326,0.12368063755157863,0.5700174969840659,0.1662542331624476,0.002826774802260325,2.0059092223181114,5.27855581565625,0.0009433134514590092,0.04779038974681435,9.2,0.004414330724348184,41.0,50.0,56.0,-1.0
0.04889272253967102,0.10040435917706797,0.2969239782585164,0.16882372786983113,0.0030525410636582,1.8208959979397223,5.145433798056718,0.000914695353533363,0.048545983760487736,35.99,0.004211315017969405,44.0,52.0,57.5,-1.0
0.04241282098605452,0.11356580872092942,0.28632971054944867,0.16355569362406303,0.0029049192519792137,1.866609179745886,5.375894990650374,0.0009616352927727486,0.05215366566032388,23.75,0.003591343409807787,45.0,53.0,59.0,-1.0
0.05198236438667732,0.12886054662169985,0.23681473247183876,0.14577628945767782,0.00300590537140016,2.1979231815730094,5.347054912841206,0.0009278875685233036,0.04675134279462086,17.27,0.006140809656158257,41.0,50.0,56.0,-1.0
0.05206101023759883,0.11173255380141946,0.30888480147917685,0.11234552825181959,0.0031544058160230524,2.039751499717444,5.006806533194964,0.0010505064158015122,0.0547166130033878,25.22,0.004887867386936954,42.0,52.0,59.0,-1.0
0.04426145378218142,0.09432424106925918,0.35734052048766857,0.1820316170100596,0.002998081890918268,1.9528787517208914,4.988433399683795,0.000995645354016103,0.05336202279675685,11.66,0.0028236302655549506,44.0,52.0,57.5,-1.0
0.05213417173672559,0.12305614207858398,0.3751034222061962,0.1925677523816541,0.002862658618679059,2.094370799114318,5.4252519394801135,0.0009496548861355009,0.05020507859281782,35.8,0.004298427840361079,39.0,47.0,51.0,-1.0
0.03863656120857273,0.1144846565490033,0.24171824553098753,0.11921913356639618,0.0027254713972071467,2.16583351936001,4.633801057072612,0.0009202049295173178,0.045829559120428597,37.86,0.00845716216723396,44.5,55.0,62.0,-1.0
0.047422212936123656,0.0864349979043919,0.5261713987320095,0.22946885849798535,0.003115956677187337,1.8729156981412278,5.194190713813842,0.0009568781480531249,0.0490581745354121,37.53,0.005297474917690506,44.0,50.5,55.0,-1.0
0.04300611451568433,0.08198731742036047,0.5813760866625947,0.14144934564490252,0.0029895100248281624,1.9990414208444167,4.836807849133231,0.0010322106707662934,0.05100774802488619,19.02,0.003933122802841157,46.0,55.0,60.0,-1.0
0.051627031098011505,0.13154458866550334,0.2476353137789393,0.13331118589309454,0.0032139068074722547,2.134581939410259,5.495593493084534,0.0010687580027277383,0.049565690924077165,9.92,0.006462438789437096,41.5,51.0,57.0,-1.0
0.047030838252556245,0.1071311659065652,0.167250136961568,0.1784230703124956,0.00272192812354903,1.9062983238599887,4.709800500251825,0.001079458535469811,0.054411140092387546,26.83,0.006337199418943199,41.0,49.0,54.0,-1.0
0.051724059062935875,0.0927361321760051,0.3245750547403125,0.18726760967101413,0.003008804964429615,2.057498713718833,4.6823056592596535,0.000985000171759162,0.051653177608494076,31.76,0.0033158096844097553,39.5,48.0,52.0,-1.0
0.05213715352963861,0.08700401538148148,0.38972610038448113,0.20780862881757187,0.0031553415102877572,1.93476324841443,4.895435185577633,0.001026820319371234,0.052638823308111586,10.79,0.004008620863743922,42.0,48.0,53.0,-1.0
0.05667066208854592,0.12530919770510912,0.4353046702921517,0.11439795220352124,0.003151776843315442,2.0775332389787553,4.906966461006554,0.0010297516918851227,0.04975277011232695,27.2,0.0048000899144857445,39.0,50.0,56.0,-1.0
0.05240748731760407,0.09874668186780482,0.20707231197720705,0.10595021815578021,0.0027952504072000736,2.1940479233675303,4.636959040662957,0.000936902140556964,0.05437444069084987,18.65,0.010448729366929537,44.0,54.0,62.0,-1.0
0.04563868839160885,0.09990141994950444,0.38724293683697064,0.15388544157395545,0.003132877948525148,2.046268799401075,4.787700197336182,0.0010603572361547351,0.04659075557168495,31.63,0.003235951495932914,42.0,52.0,57.0,-1.0
0.04009524019015761,0.09596631941617609,0.2969212047161385,0.23307043237871589,0.0029725822802402243,1.8222674393484737,5.097964537970289,0.001004841160597973,0.04821583541390783,21.63,0.004398077018907687,43.0,49.5,53.5,-1.0
0.05040778423346318,0.13036341727030173,0.43778498623455286,0.12466859866883664,0.0028614258033369884,2.019594747189128,5.132740271543691,0.0009349542469629862,0.04559573773292629,24.69,0.004740905727744513,40.0,51.0,57.5,-1.0
0.04586489077869993,0.10515849294918601,0.27065775960367483,0.18435262996982246,0.0027280576378924614,1.9651579948380429,5.303641402704029,0.000977937871142562,0.04676310698728924,19.52,0.003546300546205488,42.0,51.0,56.0,-1.0
0.04728701518802888,0.14218073757892447,0.3762805978061385,0.14273540158139833,0.0028765217301215565,1.9476836950298748,5.4179857322031095,0.00099625477109439,0.04822121061843441,39.56,0.0038591626566324964,41.0,50.0,56.0,-1.0
0.04422388499416874,0.10887181205717474,0.16193014413117876,0.19918321003307882,0.002776950527507978,2.0121987124030656,5.102564614618943,0.0010746894128715345,0.05125661121991116,7.63,0.004033766396781204,43.0,51.0,55.0,-1.0
0.04681385759825328,0.09340165303075929,0.49132538687880367,0.16425264899141317,0.0029856120626163,1.8144350577830688,4.991541534747853,0.0010375557854464524,0.045682998689934806,11.66,0.004446078119130006,44.0,52.0,57.5,-1.0
0.04405798120095444,0.09406366780563631,0.22775727153735237,0.160113325885849,0.002780363507933807,1.8178561730025586,4.5035644918842594,0.0010308494499115639,0.05349743335394662,9.11,0.00614091009684354,45.0,53.5,58.0,-1.0
0.054362374109068856,0.13921983057362664,0.3451625677535727,0.1375336770896145,0.0027977440339151706,2.1312266037272005,5.142022408847959,0.001083713688625203,0.0485942720009848,37.66,0.005913235623986506,40.0,49.0,55.0,-1.0
0.04599463293116225,0.10134966563214647,0.40685566182176836,0.18506178504924278,0.0029452662393810746,2.108362558953309,5.30429947892898,0.0010174924990418014,0.04933301875688825,25.93,0.0029368316310189675,44.0,53.0,57.0,-1.0
0.036616167018015726,0.1375266891705102,0.1762334622359536,0.1097227628150058,0.0027995265995408,1.8432197999852071,5.226289176221015,0.0010543219749906253,0.0451612038015897,26.19,0.008433114850933444,46.0,58.0,64.0,-1.0
0.04853269934014107,0.12233539090595759,0.22364758694422726,0.12563331781512221,0.0030083998146023462,1.8929393667132388,4.723685665441303,0.0009584501271763938,0.04801460762930765,22.62,0.0039347384294508994,40.0,50.0,56.0,-1.0
0.04974967244416412,0.16778012701142314,0.36242974645281734,0.1108199383616982,0.0027715036583683466,1.940131114952038,5.132843032339149,0.001038263108471629,0.045692421383306196,37.94,0.009466859821991606,38.0,49.0,55.0,-1.0
0.04904324655602707,0.10182466595959505,0.3120227101772819,0.1667969085878409,0.0028972512711277014,2.1607483857475667,4.742142938900263,0.0009678415861843617,0.05302299756360165,20.1,0.00397392731608253,40.0,48.5,54.0,-1.0
0.03675314992737378,0.12449395558496014,0.5069526335263215,0.15099399703936245,0.0027239140577111965,2.1209991959286,5.477536680751706,0.0010604641183927076,0.0489303784406917,39.75,0.006488938125322244,43.5,53.0,58.0,-1.0
0.040191893335108725,0.09608881918784429,0.33615664354213914,0.14132640781874445,0.0027076167073406864,1.8384772610578544,4.596470580164393,0.0010500175856377578,0.05244616254121035,6.51,0.005514973104683335,45.0,54.0,60.0,-1.0
0.043760003366840494,0.07392046278778462,0.371004531457214,0.22897594056393844,0.003095997489327297,2.1175590496393415,4.739745093888849,0.0009787223895803287,0.0507810112020591,25.38,0.004639287713174016,44.0,51.0,56.0,-1.0
0.042687021157615274,0.1020914255221519,0.37694013954322947,0.15199889234127253,0.003238850575979513,2.127582839511062,5.282986294093435,0.001033730898872073,0.045785942643333105,40.0,0.004342672861919188,43.0,54.0,59.0,-1.0
0.049126648463440475,0.136021838951036,0.22707043971145183,0.1270532926013945,0.0032849559249628394,2.0717034838253814,5.312773229504137,0.0009641631610578486,0.050708251726736445,37.36,0.005448891301026577,40.0,49.5,56.0,-1.0
0.03700260625567533,0.10338175238168953,0.5353632148252466,0.13335560220976014,0.0029504929772553477,2.0988316748979323,5.356041681767777,0.0010988966791429103,0.050894155095404556,30.91,0.005681920814534992,47.0,57.0,63.0,-1.0
0.0463546148051718,0.09808170880570997,0.17225347893768292,0.19434389574231817,0.0032861121025656087,1.8668233544788424,4.8050706398642955,0.0010228525328909786,0.0492673576675536,12.59,0.004405083306853797,41.0,49.0,54.0,-1.0
0.04201194070570962,0.10520859917960063,0.40423507834857597,0.1618819910593831,0.0028809380200018175,1.8128426685316381,4.938428453474892,0.001001048147142026,0.05266192694172995,14.8,0.003572328797236479,42.0,52.0,58.0,-1.0
0.04280493583843709,0.10463357605910087,0.30911975872717906,0.21602970411831135,0.0028613548955935784,1.81021486088317,5.259220951194196,0.0009784705486298722,0.04722746230980646,14.29,0.004331225721570221,42.0,49.0,54.0,-1.0
0.04717841133160267,0.1326845321546781,0.4435496840934609,0.12716149414631855,0.002964732089332643,2.1756909483940152,5.448118366239029,0.0010475310943922826,0.05099155553755492,8.99,0.0051008343793414405,41.0,52.0,57.0,-1.0
0.04626261916342982,0.12042584532450319,0.20458958427784674,0.10268456928828369,0.0032050376829384775,1.8287513425789617,4.928700613583772,0.001053252799633322,0.05072613292937184,7.5,0.005342897472014441,43.0,55.0,61.0,-1.0
0.05349232872178008,0.1321572294136723,0.2177423461094166,0.13522390302228476,0.0030475123775691253,1.8946263486283146,5.1166512593349935,0.0010717605549006276,0.04625503421261843,35.93,0.005058831344722668,38.5,48.0,54.0,-1.0
0.05228263228256892,0.09765072731871638,0.19850953246358208,0.19541788028054594,0.0032817693329832494,2.074760273754457,4.64556763881378,0.001074244044517668,0.04538089746626955,36.6,0.006522494433378501,39.0,47.0,51.0,-1.0
0.034938614720263106,0.08565775950282041,0.5080309083229712,0.14381158809138678,0.003056788951635969,1.8949382883742376,4.952930574055047,0.0010442157696471802,0.04585267521481634,34.99,0.005443475975417201,47.0,59.0,63.5,-1.0
0.048683336767378516,0.10959901251113484,0.4009336485928601,0.16915425714412627,0.0028066698798636155,2.0373795987877443,4.850866282824737,0.0009148733880774225,0.054856504531136385,26.78,0.005053766922862758,39.0,47.0,52.0,-1.0
0.04652249298269875,0.0881671332569597,0.38641380214610943,0.22370991333258225,0.0028089893548862697,2.19440548928383,4.828876663786734,0.00099470465723015,0.05058469349384132,30.24,0.004945345645549241,39.0,46.0,51.0,-1.0
0.04023318204780967,0.09038150972145013,0.5071797249656117,0.17039306254112124,0.0030184254857015267,1.9680756384153846,5.019313862133937,0.0010440230764051136,0.04902695223595622,8.96,0.003106502825975376,45.0,53.0,58.0,-1.0
0.04599094315076442,0.12962310236678,0.4205090226302105,0.11886284201442006,0.0027313913174705044,2.02233904201488,4.641840311195595,0.0010887000146926154,0.046932152691013154,30.47,0.006329901474842,38.0,50.0,57.0,-1.0
0.04092819290938193,0.09484776056319004,0.30328427853755197,0.10554071098987498,0.00288174968966685,2.1661446590302678,4.51645387002852,0.0009839617278206184,0.05394855313414513,22.13,0.00664764983173487,44.0,56.0,63.0,-1.0
0.029521048785788883,0.08816095727498333,0.36077074252433416,0.23610843686448024,0.0027478773609950044,1.9839579509076317,5.16000198854009,0.000911662152976409,0.05153719644652783,38.85,0.01064282696900467,47.0,54.0,58.0,-1.0
0.04193930991008051,0.10208063951628986,0.2841597313451066,0.17721276735379585,0.0031733952517631545,1.9821479576966468,5.08788915761615,0.0010150637320761225,0.05340968046933847,25.69,0.0031934642319901866,42.0,50.0,55.0,-1.0
0.045732232965180225,0.11317291583076113,0.36667550662005965,0.10236147737666551,0.002807260191647484,2.0342681078897504,4.979564937990393,0.0009974239588943577,0.0463192563903967,12.57,0.0036886428914619223,42.0,54.0,60.0,-1.0
0.044160710021933815,0.09669252506417332,0.20666566466130737,0.1391527484893163,0.0028741953301017202,2.0404158580260243,4.515171596575831,0.001005616801098074,0.04755754588227175,13.38,0.003832905630350452,42.0,52.5,57.0,-1.0
0.04831873038750685,0.07826855681293318,0.40354887715126087,0.16946371128978502,0.003272850283664591,2.1438360878836673,4.817309786810005,0.0009859999353604356,0.05081334986233994,8.44,0.004347618905346543,43.0,51.0,57.0,-1.0
0.04119849446664979,0.09659675347372715,0.15020562948427943,0.18643271891168095,0.0032012928895066226,2.0152563989823524,5.48833895876613,0.0009104095227903953,0.05019573293246713,22.87,0.00647373816753423,45.0,55.0,59.0,-1.0
0.048195018436531845,0.1396504377558012,0.34771119463684874,0.15993044002077925,0.0027390045378195577,1.9141024310860908,5.208785503433948,0.0010283544077442188,0.05331466140106253,20.37,0.004472278881756835,38.5,47.0,52.0,-1.0
0.050901623278534515,0.11348305270802246,0.39709525377385524,0.16987557511113557,0.003251167627588381,2.1591408764786446,5.343043451830687,0.001031820148782083,0.0501871553500252,20.56,0.004571134558338058,38.5,47.0,52.0,-1.0
0.04217144721222062,0.09626995296598818,0.14734721592524225,0.2130368341210701,0.002985026954621281,2.1738345695576697,4.893969663287211,0.0010013881410845412,0.0479048783135567,10.07,0.004541752398788686,41.0,49.0,54.0,-1.0
0.054871273988603655,0.14938213669438904,0.49804909495406036,0.11225254736920089,0.003284160830938629,1.888146327683744,5.365776584082737,0.001090490929140266,0.048883088974110464,20.22,0.011719128614470251,38.5,50.0,55.0,-1.0
0.04262217300494167,0.10040234573311149,0.37172017259533735,0.16915672455468178,0.002708035949297799,1.9230778704845262,5.155991788823811,0.001009406927867112,0.0454170250915648,30.08,0.0038181327606215533,44.5,54.0,60.0,-1.0
0.047867062247083286,0.12204312682632054,0.2480068021517193,0.1987574190838689,0.003217444213094314,2.0944169913353026,5.472114022432202,0.0009009484171949313,0.052722452329304566,13.09,0.007222609089613953,39.0,46.0,51.0,-1.0
0.04756953367756049,0.10764643170708453,0.3277559960051032,0.14910128686090135,0.00289518597282149,1.8328949841394835,5.188207097083479,0.001071603642353272,0.04778672420779219,17.75,0.0035895682064737565,42.0,52.0,56.0,-1.0
0.04164209051995027,0.14081418420387856,0.4557296864876826,0.1693275938392001,0.0028773035233218298,1.9406069263281305,5.298168731174333,0.0010591635189594467,0.05098926788107453,39.53,0.004223286298625911,41.0,50.0,55.0,-1.0
0.04908147199659154,0.10235199489375331,0.2931946251441442,0.2237799789345571,0.0027417818954524054,1.9919874531840385,4.854902649112621,0.0010027285469890496,0.0501315870384786,31.11,0.0037325243462999823,39.0,45.0,50.0,-1.0
0.03700779609385738,0.09144857505405544,0.20828142393608096,0.23244256758091836,0.003166805027813557,1.8861763096091653,5.372230248527397,0.000907001860383803,0.04750069315369869,29.24,0.008994613347101606,48.0,54.0,58.0,-1.0
0.046857169853841384,0.11436774059943525,0.14145420078277726,0.13446897174394892,0.0032551240352787342,1.811650776981777,4.925352453743445,0.0009074806735836764,0.045614912465916764,13.69,0.008176224035520686,42.0,52.0,57.5,-1.0
0.04103078653972003,0.09905190018924913,0.49089996179363926,0.10316021520631101,0.0031542165636477965,1.945551985366233,4.596515946474608,0.0009867543045735212,0.05375345116756943,35.3,0.005773142228776495,45.0,57.0,63.0,-1.0
0.0502583079204944,0.15798941329606025,0.3756608512029167,0.13605029575677385,0.002766005455882296,1.982264893542829,5.322786471418944,0.0009382752516905542,0.04657240690259176,36.06,0.007138114548084798,37.0,49.5,54.0,-1.0
0.047075397231327754,0.14871456393975022,0.26704343519366813,0.1270985975323645,0.0030349919574975542,1.872439399859267,5.275288987116587,0.0009051799244615622,0.04895575855303453,10.33,0.006372146799643933,41.0,52.0,57.0,-1.0
0.05117492633157473,0.09503718379562621,0.33943617330915044,0.2046410241420053,0.002964398194789366,2.1844295473950424,4.809678678593087,0.0010812864744843991,0.051200461162497345,27.81,0.004904891886985521,40.5,48.0,52.0,-1.0
0.04899959562393168,0.1021230042632147,0.27790513561056773,0.13495055747512347,0.002868075091345446,1.970499641007863,4.927697777404327,0.0010402264047994839,0.050887395328990295,36.73,0.0028282486907751305,44.0,53.0,59.0,-1.0
0.047087304363001334,0.11647977161041514,0.21719936355674385,0.133417270000955,0.002814700885619122,1.8360934289003352,5.098099052623313,0.0010610526746621018,0.04949406504864253,38.74,0.003877723756151742,44.0,55.0,61.5,-1.0
0.04934565395235353,0.16434929715423796,0.2885598073441606,0.11550695299524683,0.0027695543942036316,1.9933995222173617,4.877802051765413,0.0009784267195781858,0.05227714187698014,37.84,0.0076623162872185915,40.0,50.0,56.0,-1.0
0.04889861134312361,0.1173879223059617,0.4548069360157192,0.13815936785598062,0.003042795034585969,1.9379581978336977,5.233043116685114,0.001079838662018167,0.0477883979165491,9.75,0.003610925392992581,42.0,53.0,57.5,-1.0
0.045261566745337246,0.10971505218030414,0.5552921261311852,0.22909994968777853,0.0030171779068083404,1.8990697967645034,5.241737595316657,0.0010226510914548835,0.05096443198243982,25.25,0.004614299445741087,41.5,47.5,51.5,-1.0
0.05736518009594127,0.11962604572382857,0.22580920182880607,0.12673444423098593,0.003095878026518452,1.8809595617481076,4.670906527216897,0.0009757803834955024,0.05077665322220496,34.72,0.005615409485839471,39.0,50.0,55.0,-1.0
0.04750992358376613,0.11291245032694246,0.18436345858759123,0.22212192277014842,0.00307843993248011,2.00134879510631,5.034130388799923,0.0010432626352749148,0.046745858029361806,8.93,0.0039002086257071914,41.0,48.0,52.0,-1.0
0.047838077151650824,0.12059456450396569,0.22660872674850696,0.1268518054268335,0.002936912419307223,1.9806606395180628,4.600646369996222,0.0009690738110862359,0.04679410759725583,23.24,0.004041765867354963,41.0,52.0,59.0,-1.0
0.04771235560881018,0.101413191532508,0.37884593846680814,0.13995739254230694,0.0029445847063250346,1.8398610264778177,4.923214233290522,0.0010384307969365492,0.05069256749990923,9.1,0.0031116349997757013,44.0,54.0,60.0,-1.0
0.03806430302760386,0.1040864331489241,0.29466202854956747,0.12903376938417613,0.0029821766479967873,2.023092892876001,5.34387874254068,0.001069773841494038,0.04813595979593197,37.43,0.0036818180062751643,49.0,59.0,64.5,-1.0
0.03889890063306713,0.08071217443117694,0.4515158667579729,0.19243170626515704,0.003017830163983818,1.9597736133797747,4.8514731639677455,0.0009643935851118617,0.04544458246202102,39.83,0.00440563631169202,48.0,57.0,61.0,-1.0
0.04547313810248936,0.10021224106565356,0.35930063905273935,0.1219459178044156,0.003265149538633032,2.0758652509779756,4.867859889708074,0.0009457614181706081,0.04978957379420983,23.3,0.0038016921599879003,45.0,56.0,62.0,-1.0
0.04463665411888247,0.12379419588640303,0.23311472738934882,0.15850042398215203,0.002779569251229551,2.1275734659928496,5.351486754598011,0.0009511689562813705,0.05035537747517998,4.86,0.004055781849105225,45.0,53.0,58.0,-1.0
0.037913681360412704,0.10088117510973554,0.48960678246255596,0.16945037413191416,0.0027032675190225273,1.8146940955589337,5.250363506501632,0.0009335423522072923,0.050990708025819245,13.58,0.006369288005257888,46.5,54.5,59.5,-1.0
0.04941122188800679,0.11739287804291063,0.4910267340410723,0.17143098402075052,0.0032468581152979336,1.8680464230030587,5.022125917661982,0.0010281460765702928,0.048029269678939085,32.8,0.004169368380092965,41.5,51.0,55.0,-1.0
0.04401222806244032,0.10895717829869891,0.2635852335405584,0.16707950342838462,0.003183209116817457,1.8653837864234963,4.920613896705441,0.0010684293727244506,0.049394315863192484,13.41,0.003440476107209271,45.0,54.0,59.0,-1.0
